Model,Train Accuracy,Test Accuracy,Precision,Recall,F1-Score
Logistic Regression,0.8459229390681003,0.8399928328256585,0.8541604533253803,0.8763769889840881,0.8651261138800785
Decision Tree,0.828763440860215,0.8175954130084214,0.8310771041789288,0.8641370869033048,0.8472847284728473
KNN,1.0,0.7346353700053754,0.7406409911123081,0.8414932680538556,0.7878527431600058
Random Forest,0.8832437275985663,0.8353341695036732,0.8486197684772929,0.8748470012239902,0.8615338255235799
